Country,2000,2008,2015,2023
Afghanistan,50.3,50.8,40.4,44.7
Albania,32.0,23.2,15.7,11.3
Algeria,23.6,15.4,11.7,9.8
Angola,50.4,29.2,37.6,29.4
Argentina,10.4,8.2,8.1,12.3
Armenia,17.3,20.9,9.4,10.9
Azerbaijan,24.2,26.5,17.8,12.0
Bahrain,4.1,3.3,3.1,3.1
Bangladesh,51.1,43.2,32.7,23.6
Belarus,6.4,3.9,3.4,3.4
Benin,36.2,37.4,34.0,32.2
Bhutan,47.7,34.9,25.3,18.3
Bolivia (Plurinat. State of),33.2,27.1,16.1,18.1
Bosnia & Herzegovina,12.1,11.8,8.6,7.5
Botswana,29.1,28.9,18.9,16.7
Brazil,10.0,7.0,7.1,7.2
Bulgaria,11.1,9.2,7.0,6.5
Burkina Faso,41.4,35.1,30.1,22.1
Burundi,64.0,56.8,55.9,55.8
Cabo Verde,15.0,10.0,8.7,7.8
Cambodia,49.0,39.5,32.4,21.9
Cameroon,36.6,37.6,31.7,28.9
Central African Republic,44.4,43.6,38.0,40.0
Chad,38.9,38.7,39.8,28.0
Chile,3.0,2.0,1.8,1.9
China,17.8,9.8,6.5,4.8
Colombia,18.2,12.6,12.7,10.2
Comoros,46.9,39.9,30.2,28.6
Congo (Republic of),30.8,26.7,21.2,24.0
Costa Rica,10.9,5.6,5.2,9.0
C?e d'Ivoire,31.2,39.0,21.6,23.4
Croatia,1.3,0.9,0.9,0.8
Dem. Rep. of the Congo,44.4,45.8,42.7,41.8
Djibouti,27.1,33.0,28.0,20.9
Dominican Republic,7.7,10.1,7.1,6.7
Ecuador,27.9,25.9,23.9,23.0
Egypt,24.4,30.7,22.3,21.2
El Salvador,32.3,20.8,13.6,13.3
Equatorial Guinea,42.7,28.6,24.4,25.2
Eritrea,43.0,52.5,,
Estonia,1.5,1.1,1.2,1.2
Eswatini,36.5,40.4,25.5,28.2
Ethiopia,57.4,49.9,39.4,36.8
Fiji,6.7,5.6,4.7,7.2
Gabon,25.9,19.7,16.5,14.4
Gambia,24.1,25.5,24.6,17.5
Georgia,16.1,11.8,6.0,5.8
Ghana,30.6,28.4,18.8,17.5
Guatemala,51.0,51.5,45.0,46.0
Guinea,46.9,34.0,32.4,30.3
Guinea-Bissau,33.8,32.0,27.6,27.9
Guyana,13.9,18.6,11.3,9.5
Haiti,28.8,29.6,21.9,19.1
Honduras,35.5,29.8,24.3,18.7
Hungary,9.8,7.6,6.8,6.4
India,51.0,47.8,38.3,35.5
Indonesia,42.3,40.1,36.4,30.8
Iran (Islamic Republic of),20.4,8.0,4.8,7.1
Iraq,28.1,27.5,16.7,12.6
Jamaica,7.2,6.2,7.7,4.6
Jordan,11.7,8.2,7.6,7.4
Kazakhstan,13.2,17.5,8.0,8.5
Kenya,40.8,35.5,28.0,17.6
Korea (DPR),51.0,32.4,19.1,16.8
Kuwait,4.0,5.1,5.2,6.4
Kyrgyzstan,22.0,22.6,12.9,11.8
Lao PDR,47.5,47.7,35.5,26.0
Latvia,1.3,0.6,0.6,0.5
Lebanon,13.5,10.7,9.3,7.0
Lesotho,43.5,42.0,33.4,34.6
Liberia,45.3,39.6,30.1,29.8
Libya,32.0,21.0,38.1,29.8
Lithuania,10.1,5.6,5.1,4.1
Madagascar,54.2,49.4,48.9,39.8
Malawi,54.7,48.8,40.5,35.2
Malaysia,20.7,17.5,17.7,21.8
Maldives,31.9,19.0,15.3,15.3
Mali,42.5,32.7,29.7,21.8
Mauritania,38.6,23.6,27.9,25.1
Mauritius,12.8,11.8,10.8,10.3
Mexico,21.4,17.5,12.4,12.8
Moldova (Rep. of),13.4,8.1,6.4,5.2
Mongolia,29.8,15.4,7.3,9.4
Montenegro,,7.9,9.4,7.2
Morocco,25.3,19.2,15.1,14.2
Mozambique,50.7,43.5,42.3,37.5
Myanmar,40.8,35.1,29.4,26.7
Namibia,29.3,29.2,22.7,16.6
Nepal,56.1,49.1,37.2,24.8
Nicaragua,25.1,23.1,16.8,15.5
Niger,53.5,45.4,46.4,47.7
Nigeria,48.9,40.1,33.0,31.5
North Macedonia,8.0,6.8,5.8,4.3
Oman,15.8,9.8,14.1,10.8
Pakistan,41.4,41.1,45.0,37.6
Panama,21.6,19.0,14.5,15.9
Papua New Guinea,47.6,46.8,42.8,40.2
Paraguay,14.0,11.3,5.6,7.7
Peru,31.3,28.0,14.7,11.5
Philippines,38.3,32.0,33.1,29.6
Qatar,2.2,1.4,1.3,1.9
Romania,12.8,10.8,9.6,8.7
Russian Federation,16.7,11.2,11.1,10.9
Rwanda,47.9,46.6,37.6,33.1
Saudi Arabia,18.1,15.2,13.7,10.8
Senegal,26.0,21.6,19.1,18.4
Serbia,,7.4,6.0,5.4
Sierra Leone,35.5,32.7,29.1,26.3
Slovakia,11.9,9.1,8.5,8.6
Solomon Islands,35.1,32.8,31.7,28.6
Somalia,29.2,25.3,,
South Africa,30.1,24.9,21.4,19.9
South Sudan,,,,
Sri Lanka,18.3,18.7,17.3,13.1
Sudan,,,38.2,38.5
Suriname,14.1,9.7,8.9,8.3
Syrian Arab Republic,24.3,28.3,34.0,27.0
Tajikistan,42.1,34.1,19.6,17.1
Tanzania (United Rep. of),48.3,43.2,34.6,30.0
Thailand,21.7,15.7,10.5,13.4
Timor-Leste,55.7,57.2,49.2,46.7
Togo,28.8,26.9,27.6,22.2
Trinidad & Tobago,5.3,5.8,5.3,5.7
Tunisia,16.8,9.0,8.6,8.4
T?kiye,18.8,12.5,10.0,6.0
Turkmenistan,27.2,18.9,11.5,7.2
Uganda,44.9,38.3,31.8,25.4
Ukraine,22.9,16.8,17.0,16.4
United Arab Emirates,3.1,2.7,2.7,2.6
Uruguay,15.3,11.8,7.9,6.9
Uzbekistan,24.9,19.6,10.8,6.5
Venezuela (Boliv. Rep. of),17.4,14.6,11.8,20.7
Viet Nam,42.7,30.8,24.6,19.6
Yemen,53.4,57.0,46.4,48.7
Zambia,59.2,45.8,40.0,34.6
Zimbabwe,33.8,35.1,27.1,23.5
