번호,조사일,공부시간,수면시간,스마트폰,아침식사,학원,결석일수,시험점수
1,2026-05-19,,7.4,3.5,예,안 다님,3,49
2,2026-05-14,1.9,6.2,4.3,예,다님,0,56
3,20260519,3.9,6.9,3.7,예,안 다님,2,78
4,2026-05-21,2.3,6.9,1.6,아니오,다님,3,71
5,2026-05-23,3.8,7,,아니오,안다님,1,73
6,2026-05-11,3,5.4,2.9,예,안다님,0,56
7,2026-05-18,3.8,6.3,1.9,N,,2,74
8,2026/5/21,1.8,5.3,2.9,예,안 다님,2,42
9,2026-05-14,29.7,6.5,4.3,예,안 다님,1,41
10,2026-05-18,1,6.9,3.5,예,다님,2,59
11,2026-05-13,3.7,6.5,2.2,예,다님,3,73
9,2026-05-14,29.7,6.5,4.3,예,안 다님,1,41
12,2026-05-19,3.4,6.1,6.6,아니오,안 다님,0,46
13,2026-05-11,2.6,4.8,4.5,아니오,다님,0,47
14,2026-05-13,3.5,,4.2,예,다님,2,50
15,2026-05-13,0.8,6.9,3.8,예,다님,0,33
16,2026-05-15,3.6,6.4,4.6,예,다님,2,64
17,2026-05-15,4.7,7.2,4.8,예,다님,0,69
18,2026-05-22,0.9,7,5.9,아니오,다님,1,39
19,,1.2,7.3,1.6,아니오,다님,2,44
20,2026-05-16,2.8,7.5,3,,안 다님,0,63
21,2026-05-19,3,7.2,4.1,네,다님,0,60
22,2026-05-14,2.7,5.8,2.6,아니오,안 다님,0,51
23,2026-05-12,2,5.6,2.6,Y,안 다님,1,47
24,2026-05-16,2.8,7.7,3,예,,5,56
25,2026-05-17,2.6,7.9,2.8,예,다님,2,53
26,2026-05-20,2.1,5.3,5,예,안 다님,4,46
27,2026-05-11,,7.1,4.2,,안 다님,2,49
28,2026-05-16,4.2,,4.8,아니오,안 다님,2,63
29,2026-05-19,1,8.6,4.8,no,안 다님,0,37
30,2026-05-13,,5.9,3,예,안 다님,,55
31,,3.7,5.4,1.4,아니오,다님,3,69
32,2026-05-13,1.7,7.3,3.8,예,다님,4,41
33,2026-05-14,3.5,6.5,2.9,예,다님,0,75
34,05/17/2026,2.2,6.1,2.3,아니오,안 다님,2,51
35,2026-05-17,3.1,6.5,4.6,예,안 다님,,55
36,2026-05-12,1.5,7,4.9,아니오,다님,1,41
36,2026-05-12,1.5,7,4.9,아니오,다님,1,41
37,5월 17일,1.8,7,3.3,아니오,다님,3,55
38,2026/5/16,4.1,5.4,0.6,예,다님,3,72
39,2026-05-17,3.7,,1.3,예,안 다님,4,56
39,2026-05-17,3.7,,1.3,예,안 다님,4,56
40,2026-05-14,1.2,,6.1,예,다님,1,40
41,2026-05-14,3,6.4,2.6,예,안 다님,2,59
42,2026-05-15,2,6.3,2.4,아니오,다님,1,48
43,2026-05-16,4.2,6.2,3.6,아니오,안 다님,0,67
44,,3.4,8.5,5.1,예,,2,56
45,2026-05-14,1.9,7.1,3.6,예,다님,2,53
46,,4.1,,2.3,예,다님,1,85
47,20260513,2.7,6.3,,아니오,다님,0,55
48,2026-05-14,2.5,7.3,2.9,아니오,안 다님,2,56
49,2026-05-23,2.2,5.5,,아니오,안 다님,0,39
50,2026-05-13,1.6,9,3,예,다님,2,49
51,2026-05-17,4.3,4.6,3.8,아니오,,0,62
52,2026-05-19,2.6,6.5,2.4,아니오,안 다님,1,60
53,2026-05-20,2.9,,3.1,Y,다님,2,60
54,2026-05-23,2.9,4.4,4.3,예,다님,,41
55,2026-05-20,0.7,6.6,4.3,예,안 다님,4,31
56,2026-05-19,1.9,6.7,3.4,,다님,2,48
57,2026-05-15,2.4,6.8,,예,안 다님,1,58
58,2026-05-19,1.8,7.7,1.8,예,,0,59
59,2026-05-19,1.8,5.7,4.2,아니오,다님,0,58
60,2026.05.12.,3.3,6.3,4.9,아니오,다님,0,70
61,2026-05-17,2.8,6.5,,아니오,,1,65
62,2026-05-15,11,7.3,4.7,no,다님,1,42
63,2026-05-23,3.2,5.9,2.4,네,안 다님,3,60
64,2026-05-20,1.4,6.5,4.4,아니오,다님,3,34
65,2026-05-22,3.8,7.2,2.7,예,안 다님,0,76
66,05/23/2026,2.3,8.5,4.7,아니오,다님,3,42
66,05/23/2026,2.3,8.5,4.7,아니오,다님,3,42
67,2026-05-21,1.9,7.6,3.9,예,안 다님,3,46
68,2026-05-19,2.1,6.3,2.8,예,안 다님,0,67
69,05/15/2026,3.5,6.9,1.9,예,안 다님,0,82
70,2026-05-11,1.6,7.8,2.6,예,다님,0,59
71,2026-05-13,2.4,6.4,1.5,예,안 다님,4,48
72,2026-05-23,,7.1,1.8,예,안 다님,2,60
73,2026-05-23,3.8,7,4.6,예,다님,2,62
74,2026-05-16,4.2,5.5,,아니오,안 다님,3,65
75,2026-05-21,0.6,8,4.8,아니오,안 다님,1,35
76,2026-05-16,3.2,7.3,2,예,안 다님,0,79
77,2026-05-12,3.6,7.9,0.6,네,다님,5,68
78,2026-05-11,4.5,7,0.2,예,다님,3,81
79,2026-05-14,2.7,6.4,4.3,예,안 다님,3,57
80,20260517,2.3,6.3,3.6,예,다님,1,53
81,2026-05-20,,8,3.8,예,다님,0,52
82,2026-05-22,1.3,7.1,3,예,다님,1,40
83,2026-05-20,2.2,6.8,4.2,예,다님,0,46
84,2026-05-17,0.4,6.2,5.6,예,다님,3,21
85,2026-05-17,2.3,7.2,2,예,다님,3,72
86,2026-05-23,,4.9,,아니오,다님,2,50
87,2026-05-19,1.6,7.1,5.9,예,다님,0,60
88,5월 12일,1.7,7.7,5.4,예,안 다님,2,43
89,2026/5/19,3,,4.5,아니오,다님,3,56
90,2026-05-11,2.1,6.3,3.6,예,다님,2,54
91,2026-05-19,4.3,4.5,4.9,예,안 다님,2,45
92,2026-05-21,2.4,7,1.2,예,,3,61
93,2026-05-19,1.2,7.4,3.6,예,안 다님,0,61
94,2026-05-16,,7.4,3.7,아니오,다님,3,37
95,,2.4,6.5,4.2,예,다님,0,63
90,2026-05-11,2.1,6.3,3.6,예,다님,2,54
96,2026-05-11,2.6,5.8,7,,다님,4,48
97,,2.7,5.3,3.7,예,다님,2,50
98,2026.05.12.,,5.7,,예,안 다님,0,47
99,2026-05-13,1.2,6.7,5.3,예,안 다님,2,40
100,2026-05-18,3.8,6.8,1.6,예,다님,5,73
101,2026-05-17,2.8,7.1,3.8,네,다님,0,58
102,2026.05.16.,0.4,6,2.7,예,O,,55
103,2026-05-20,3.1,5.5,3.3,아니오,다님,3,55
104,2026-05-22,2.9,5.7,2.6,아니오,다님,4,46
105,2026.05.20.,2.9,5.7,2.9,예,,3,48
106,2026-05-13,2.9,6.8,3.2,예,다님,2,59
107,2026/5/13,3.1,4.8,3.2,예,안 다님,1,57
108,2026-05-18,2.9,5.7,4.4,아니오,안 다님,3,51
109,2026-05-17,3,5.6,4,예,안 다님,3,57
110,2026-05-16,4.5,7,4.7,예,안 다님,2,65
111,2026-05-17,2.3,5.7,4.8,네,안 다님,1,39
112,2026-05-15,1.7,8.4,4,예,다님,1,49
113,20260517,2.4,6.1,3.5,예,다님,1,55
114,2026-05-15,1.4,7,5,예,안 다님,1,48
115,2026-05-19,1.4,5.6,1.5,아니오,다님 ,0,45
116,2026-05-18,1.8,7.3,4.9,아니오,다님,0,60
117,2026-05-16,2.3,7.2,3.1,아니오,안 다님,0,55
118,2026-05-14,1.4,8.8,6,예,안 다님,1,38
119,2026-05-13,,6.7,4.3,예,안 다님,0,48
114,2026-05-15,1.4,7,5,예,안 다님,1,48
120,2026-05-16,1.9,5.1,5.2,네,안 다님,3,26
121,2026.05.22.,,6.9,4.5,예,안 다님,2,51
122,05/15/2026,1.2,6.4,4.9,예,다님,1,47
123,,1.6,7,3.8,아니오,다님,1,54
124,2026-05-15,1.9,5.8,2.2,아니오,다님,2,48
125,2026-05-21,1.7,6,5.1,예,다님,0,56
126,05/13/2026,2.3,5.5,4,아니오,다님,2,41
127,2026-05-18,1.9,5.8,4.7,예,안 다님,,49
128,2026-05-19,2,7.5,4.8,아니오,안 다님,0,42
129,2026-05-17,2.9,,2.8,,다님,0,68
130,05/14/2026,0.9,5.7,3.1,예,안다님,0,44
131,2026-05-17,3.8,4.1,1,아니오,안 다님,0,62
132,2026-05-19,1.2,5.4,,예,다님,0,39
133,2026-05-12,,6.4,3.3,예,안 다님,5,55
134,2026-05-23,1.5,6.6,3.7,아니오,다님,0,46
135,2026-05-14,2.6,7.9,2.7,아니오,다님,3,47
136,2026-05-17,0,7.8,4.6,예,,0,25
137,2026-05-15,2.3,6.8,5.3,예,다님,2,53
138,2026-05-21,3.3,6.3,3.3,예,안 다님,0,63
139,2026-05-14,3.8,,2.6,예,안 다님,2,60
140,,2.8,5.7,4.4,예,다님,2,59
141,20260512,1.8,6.5,3.6,예,안 다님,1,44
142,2026-05-12,2.8,5.7,3.4,예,다님,0,60
143,2026-05-16,2.5,7.7,,예,다님,2,56
144,2026-05-18,3.8,7.2,0.3,예,다님,3,80
145,2026-05-14,1.6,5.6,2,예,다님,2,41
146,2026-05-20,2,5.9,4,예,안 다님,4,36
147,2026-05-21,2.9,5.9,2.7,아니오,다님,3,49
148,2026-05-23,0.7,5.4,5.4,아니오,다님,3,30
149,2026-05-15,21.2,8.2,5.8,no,X,2,44
143,2026-05-16,2.5,7.7,,예,다님,2,56
150,2026-05-22,2.1,6.7,4.3,예,안 다님,,42
151,2026-05-11,1.5,7.4,5.2,예,다님,1,54
152,2026-05-15,3.9,5.5,2.8,아니오,다님,1,68
153,2026-05-15,1.5,6.1,6.1,예,다님,1,39
154,2026-05-17,0.8,6.4,4.1,예,안 다님,3,36
155,2026.05.22.,3.5,6.1,3.3,예,,1,61
156,2026-05-12,2.4,7,5.7,아니오,안 다님,1,42
157,2026-05-12,2.9,7,4,예,안 다님,0,64
158,2026-05-14,2.9,6.9,,예,안 다님,3,66
159,05/18/2026,3.1,6.8,5.2,네,안 다님,0,53
160,2026-05-13,1.2,7,4,,O,3,37
161,2026-05-13,2.8,6.8,3,예,다님,0,69
162,2026-05-12,4.4,6,3.2,예,다님,0,80
163,,3.6,6.3,2.6,예,안 다님,4,76
164,2026-05-14,3.9,6.2,4.5,예,다님,4,60
165,2026-05-23,2.6,5.9,4.3,아니오,안 다님,1,61
166,2026-05-19,3.4,4.4,2.8,아니오,안 다님,3,35
167,2026-05-18,2.3,6.7,3.2,아니오,다님,,54
168,2026-05-11,3.5,6.3,,예,안 다님,2,77
169,2026-05-14,2.1,7.3,2.3,,안 다님,0,50
170,5월 18일,,6.4,3.7,예,다님,2,66
171,2026-05-14,2.4,5.4,2.8,예,다님,2,55
172,2026-05-13,1.5,7.2,4.7,예,다님,2,49
173,2026-05-11,0.9,7.6,4.1,예,다님 ,0,48
174,2026-05-11,,7.6,2.8,예,다님,1,73
175,2026-05-13,,4.2,1.7,아니오,다님,3,53
176,2026-05-13,2.5,4.8,4.4,예,안 다님,1,42
177,2026-05-22,1.3,5.4,3.4,,다님,2,44
178,2026-05-16,1.2,6,4.2,예,안 다님,0,43
179,2026.05.12.,26,6,3.5,아니오,안 다님,3,47
180,2026-05-11,1.7,7.3,3.8,예,안 다님,1,46
181,2026-05-22,2,8,4.6,예,안 다님,0,48
179,2026.05.12.,26,6,3.5,아니오,안 다님,3,47
182,2026-05-18,0.7,5.4,4.4,예,다님,3,44
183,2026-05-23,2.1,7.1,1.1,아니오,다님,,58
184,,3.8,5.5,2.6,예,다님,3,63
185,2026-05-16,2.5,6.7,3.9,예,다님,0,66
186,2026-05-21,2.1,6.1,3.1,아니오,안 다님,,51
187,2026-05-20,1.4,5.3,2.8,예,안 다님,3,37
188,2026.05.14.,3,5.8,2.4,예,안 다님,2,57
189,2026-05-15,4.2,6.5,2.4,예,다님,3,81
190,2026-05-15,,7.7,4.3,아니오,안 다님,0,57
191,2026-05-19,1.8,,,예,안 다님,0,43
192,2026-05-13,2,7.2,3.9,예,다님,1,49
193,2026-05-12,3.6,6.8,1.7,예,,2,73
194,2026-05-20,1.5,,3,예,,2,63
195,2026-05-11,1.6,6.1,5,예,안 다님,2,49
196,2026-05-14,1.2,6.8,3.8,아니오,안 다님,1,35
190,2026-05-15,,7.7,4.3,아니오,안 다님,0,57
197,2026-05-13,3.2,5.5,3.2,예,안 다님,0,66
198,2026-05-14,2.3,6.9,3.3,아니오,다님,5,37
199,,2.1,8.1,3.3,예,다님,5,48
200,2026-05-16,4.1,6.5,4.4,예,다님,3,69
201,2026-05-19,2.6,7.4,1.7,아니오,안 다님,0,56
202,2026.05.19.,2.5,6.3,4.7,예,안 다님,3,51
203,20260520,2.6,8.4,1.4,예,X,4,63
204,2026-05-12,,6.4,3.9,아니오,다님,-8,66
205,2026-05-20,2.2,5.9,2.4,아니오,다님 ,4,49
206,,3.7,7.6,1.6,yes,안 다님,0,64
207,2026/5/21,0.8,7.8,5.1,예,다님,,39
208,2026-05-21,4,7.4,4,예,안 다님,0,73
209,2026-05-15,1.6,,4,아니오,안 다님,1,42
210,2026-05-18,2.2,7.8,4.2,아니오,다님,2,49
211,2026-05-12,2.2,4,6.6,예,안 다님,2,29
212,2026.05.23.,2.8,7.9,2.6,Y,다님,2,65
213,,1.8,6.1,4.2,예,다님,3,34
214,2026-05-15,,6.2,2.8,예,다님,0,66
215,2026-05-11,2.2,7.3,30.6,예,다님,1,56
216,05/14/2026,3.9,5.3,4.3,,안 다님,0,63
217,20260518,4.5,5.9,2.2,예,안 다님,0,79
218,2026-05-17,1.4,7.2,3,예,안 다님,2,50
219,2026-05-12,3.9,6.8,3,예,,2,64
213,,1.8,6.1,4.2,예,다님,3,34
220,2026-05-21,2.1,6.2,4.4,아니오,다님,2,42
221,20260516,2,5.7,3,아니오,안 다님,0,58
222,2026-05-18,3.2,6.9,3.1,예,다님,3,67
223,2026-05-23,2.1,6.4,2.5,예,안 다님,0,49
224,2026-05-12,1.7,,2.4,예,다님,3,61
225,2026/5/11,1.9,7.5,2.7,아니오,안 다님,3,48
226,2026-05-22,2.2,6.4,1.8,예,안 다님,3,64
227,2026-05-18,2.7,7.1,,no,다님,4,57
228,2026-05-22,4.4,5.1,1.5,예,다님,0,75
229,05/13/2026,2.5,7,6.2,예,다님,1,58
230,05/19/2026,2.6,5.6,4.3,,다님,2,51
231,2026-05-21,2.6,5.6,4.2,예,다님,3,54
232,2026-05-23,4.1,5.1,4.4,,안 다님,0,62
233,2026-05-18,1.9,7.7,2.7,아니오,다님,0,56
234,2026-05-20,1.4,7,3.4,예,다님,1,53
235,2026-05-17,2.7,6.8,5.2,예,안 다님,0,47
236,2026-05-17,2.4,6.3,3,예,,1,47
237,2026-05-23,2.7,7.7,1.8,아니오,다님,1,65
238,2026-05-21,4.6,6.9,2.3,아니오,안 다님,0,64
239,2026-05-12,2.6,5.8,4.5,아니오,다님,1,64
240,2026-05-23,0,,5.2,예,안 다님,1,36
241,2026-05-13,2.8,6.3,4.6,예,안 다님,2,47
242,2026-05-20,2.4,6,2.7,아니오,다님,,59
243,2026-05-12,3.5,7.5,1.6,예,다님,2,76
244,2026/5/14,2.3,5.1,4.4,예,다님,1,37
245,05/11/2026,2.2,4.9,3.4,예,다님,4,43
246,2026-05-18,3,6.2,4,예,다님,3,-37
247,2026-05-11,1.7,6.2,6.3,예,다님,1,51
248,2026-05-23,1.8,8.3,3.9,아니오,안 다님,2,41
249,2026-05-12,2.5,,3.7,예,안 다님,0,59
250,2026-05-17,1.2,6.6,1.6,아니오,안 다님,1,39
251,2026.05.11.,2,7,2.1,네,안 다님,0,63
252,2026/5/18,2.3,,2.5,예,X,3,53
253,2026-05-20,0.9,7.2,5,예,안 다님,3,39
254,2026-05-17,1.1,7.9,2.5,아니오,안 다님,0,38
250,2026-05-17,1.2,6.6,1.6,아니오,안 다님,1,39
255,,2.3,8,4.5,예,안 다님,4,46
256,20260517,3,6.1,3.4,아니오,,0,61
257,2026-05-22,1.3,6.9,3.2,예,다님,2,51
258,2026-05-21,2.4,4.6,4.8,,안 다님,2,43
259,,2.7,7.6,2.7,아니오,안 다님,0,52
260,2026-05-12,4.3,6.5,3.9,예,안 다님,1,73
261,2026.05.21.,2.4,5,2.1,예,안 다님,1,52
262,2026-05-11,3.5,5.8,4.9,아니오,다님,1,57
263,2026-05-19,2.7,7.7,19.3,아니오,안 다님,1,44
264,2026-05-21,2,9.1,4.3,예,안 다님,1,41
265,2026-05-14,1.6,7.5,5.8,예,안 다님,1,46
266,2026-05-12,,7.1,2.7,예,다님,0,66
267,2026-05-19,0.6,7.3,4.8,,안 다님,3,37
268,2026-05-20,0.02,8.5,7,아니오,안 다님,0,13
269,20260523,2.1,6.7,2.4,예,다님,1,62
270,2026-05-23,,6.3,1.4,예,다님,4,57
271,2026-05-17,2.2,6.4,3.7,예,다님,2,57
272,2026-05-18,2.5,7.6,3.8,아니오,안 다님,2,48
270,2026-05-23,,6.3,1.4,예,다님,4,57
273,2026-05-12,2.8,6.1,4.4,예,안 다님,3,48
274,5월 23일,3.9,4,2.9,no,안 다님,4,42
275,2026-05-13,0.5,7.9,4.1,아니오,안 다님,1,37
276,2026-05-12,2.7,5.8,0.2,,안 다님,2,67
277,2026-05-17,1.1,7.3,6.8,,,3,30
278,2026-05-15,0.5,,3.7,예,X,0,32
279,5월 21일,1.7,6,4.6,예,다님,,36
280,2026-05-18,1.4,7.3,5.6,아니오,안 다님,0,38
275,2026-05-13,0.5,7.9,4.1,아니오,안 다님,1,37
274,5월 23일,3.9,4,2.9,no,안 다님,4,42
281,2026-05-19,1.5,5.5,4.5,예,다님,3,35
282,2026-05-17,11,8,3.5,예,다님,3,36
283,2026-05-22,1.7,6.8,3.7,아니오,O,2,45
284,2026-05-14,,8,3,아니오,안 다님,2,52
285,5월 18일,2.3,7.3,3.7,예,O,5,54
286,2026-05-17,4.6,5.2,3.3,아니오,안 다님,3,62
287,2026-05-20,4.2,6.6,2.2,예,,3,71
288,2026-05-14,4.1,6.1,0.3,아니오,안 다님,,76
289,2026-05-11,1.6,8.6,2.5,예,다님,1,40
290,2026-05-18,0.8,16.3,3.9,예,안 다님,0,47
291,2026-05-20,3,7.8,0.6,예,안 다님,1,67
292,2026-05-13,31.4,4.9,2.2,아니오,다님,3,61
293,2026-05-23,3,5.1,3.1,예,안 다님,2,56
294,2026.05.11.,,6.3,1.6,예,안 다님,1,45
295,2026-05-18,3.5,7.3,3,아니오,다님,1,59
296,5월 13일,1.4,6.1,3.9,아니오,안 다님,1,42
297,2026-05-16,1,6,3.6,,안다님,3,38
298,2026-05-13,1.3,7.1,3.9,아니오,,0,33
299,2026-05-22,1.9,7.2,4.6,예,다님,0,54
300,2026-05-19,3.7,4.9,0.2,,다님,2,66
