연번,판정,일반세균,총대장균군,분원성대장균군,암모니아성질소,질산성질소,과망간산칼륨소비량
1,0,65,1,0,0.0,4.8,0.3
2,1,25,0,0,0.0,0.0,0.3
3,1,0,0,0,0.0,0.3,0.3
4,0,74,1,0,0.0,0.0,0.3
5,1,0,0,0,0.0,1.5,0.3
6,0,69,1,0,0.0,1.2,0.3
7,1,0,0,0,0.0,1.3,0.3
8,1,0,0,0,0.0,1.0,0.0
9,1,0,0,0,0.0,1.1,0.0
11,1,0,3,0,0.0,0.5,0.5
12,1,0,10,0,0.0,2.5,0.3
13,1,40,0,0,0.0,0.6,0.4
14,1,3,0,0,0.0,2.0,0.0
15,1,0,0,0,0.0,0.7,0.0
16,1,0,0,0,0.0,2.2,0.0
17,1,0,0,0,0.0,3.2,0.0
19,1,0,0,0,0.0,1.1,0.0
20,1,50,0,0,0.0,0.7,0.0
21,1,0,0,0,0.0,1.6,0.0
22,1,2,0,0,0.0,1.5,0.9
23,1,0,0,0,0.0,1.0,0.8
24,1,1,0,0,0.0,1.2,0.3
25,0,5,1,0,0.0,1.2,0.8
26,0,12,1,1,0.0,1.1,0.4
27,0,19,1,1,0.0,1.4,0.0
28,0,6,1,1,0.0,1.8,0.0
29,0,29,1,1,0.0,1.0,0.4
30,0,14,1,1,0.0,0.9,1.1
31,0,7,1,1,0.0,1.2,0.4
32,1,0,0,0,0.0,0.1,2.4
33,1,0,0,0,0.0,0.0,0.4
34,1,0,0,0,0.0,0.0,0.5
35,1,0,0,0,0.0,0.0,1.3
36,1,0,0,0,0.0,0.4,1.9
37,1,0,0,0,0.0,0.4,0.0
38,1,1,0,0,0.0,0.8,0.5
39,1,0,0,0,0.0,0.6,0.0
40,1,0,1,1,0.0,0.5,0.9
41,1,0,0,0,0.0,0.5,0.5
42,1,0,0,0,0.0,4.8,0.8
43,1,27,0,0,0.0,3.7,0.58
44,1,7,0,0,0.0,5.0,0.0
45,1,0,0,0,0.0,6.2,3.0
46,1,0,0,0,0.0,3.0,0.7
47,1,5,0,0,0.0,3.7,0.0
48,1,15,0,0,0.0,4.5,0.0
49,1,44,0,0,0.0,3.2,2.0
50,1,3,0,0,0.0,2.3,0.4
51,1,11,0,0,0.0,3.1,0.4
52,1,1,0,0,0.1,1.2,1.4
53,1,0,0,0,0.0,0.8,0.4
54,1,2,0,0,0.0,0.5,6.7
55,1,8,0,0,0.0,0.6,1.5
56,1,6,0,0,0.0,1.2,0.3
57,1,6,0,0,0.0,1.2,0.5
58,1,0,0,0,0.0,1.2,0.6
59,1,0,0,0,0.0,0.4,0.0
60,1,3,0,0,0.0,1.2,0.8
61,1,0,0,0,0.0,1.2,0.0
62,1,0,0,0,0.0,1.6,1.7
63,1,0,0,0,0.0,0.9,0.5
64,0,22,1,0,0.0,0.0,2.7
65,1,0,0,0,0.0,0.9,1.1
66,1,1,0,0,0.0,0.8,1.4
67,1,3,0,0,0.0,0.8,0.0
68,1,3,0,0,0.0,0.8,0.5
69,1,2,0,0,0.0,0.6,0.9
70,1,25,0,0,0.0,0.6,1.8
71,1,20,0,0,0.0,0.7,0.0
72,1,0,0,0,0.0,5.6,0.0
73,1,0,0,0,0.0,5.4,0.0
74,1,0,0,0,0.0,5.4,0.0
75,1,12,0,0,0.0,5.9,0.9
76,1,1,0,0,0.0,5.6,2.1
77,1,0,0,0,0.0,6.3,0.3
78,1,0,0,0,0.0,5.9,0.0
79,1,1,0,0,0.0,5.8,0.3
81,1,0,0,0,0.0,6.2,0.7
82,1,0,0,0,0.0,1.6,0.0
83,1,1,0,0,0.0,1.3,0.3
84,1,0,0,0,0.0,1.3,0.0
85,1,0,0,0,0.0,1.0,1.2
86,1,3,0,0,0.0,1.0,0.3
87,1,5,0,0,0.0,1.2,1.0
88,1,0,0,0,0.0,1.8,0.5
89,1,42,0,0,0.0,0.6,0.0
90,1,0,0,0,0.0,0.3,1.4
91,1,0,0,0,0.0,1.1,0.0
92,1,0,0,0,0.0,0.2,0.4
93,1,0,0,0,0.0,0.8,0.5
94,0,0,1,0,0.0,0.6,0.8
95,1,12,1,0,0.0,0.4,1.0
96,1,0,0,0,0.0,0.5,0.7
97,1,0,0,0,0.0,0.3,0.9
98,1,1,0,0,0.0,0.1,0.5
99,1,0,0,0,0.0,0.0,0.5
100,1,0,0,0,0.0,0.4,0.3
101,1,0,0,0,0.0,0.2,1.0
102,1,14,0,0,0.0,0.0,0.8
103,1,22,0,0,0.0,0.0,1.4
104,1,77,0,0,0.0,2.6,0.4
105,1,10,0,0,0.0,0.1,1.6
106,1,4,0,0,0.0,0.0,5.5
107,1,0,0,0,0.0,2.7,0.0
108,1,0,0,0,0.0,0.7,0.7
109,1,0,0,0,0.0,3.0,0.6
110,1,0,0,0,0.0,0.5,0.3
111,1,1,0,0,0.0,4.3,0.3
112,1,2,0,0,0.0,1.7,0.0
113,1,1,0,0,0.0,0.9,0.4
114,1,3,0,0,0.0,0.5,0.5
115,1,0,0,0,0.0,0.3,0.5
116,1,1,0,0,0.0,0.2,0.3
117,1,0,0,0,0.0,0.9,1.1
118,1,7,0,0,0.0,0.2,0.6
119,1,0,0,0,0.0,1.0,0.3
120,1,8,0,0,0.0,0.1,1.4
121,1,1,0,0,0.0,0.0,4.5
122,1,0,0,0,0.0,0.7,0.0
123,1,6,0,0,0.0,3.0,0.4
124,1,85,0,0,0.0,0.0,2.3
125,1,1,0,0,0.0,0.7,0.0
126,1,1,0,0,0.0,1.9,0.3
127,1,1,0,0,0.0,0.1,0.0
128,1,1,0,0,0.0,1.9,0.0
129,1,0,0,0,0.0,0.6,0.0
130,1,0,0,0,0.0,0.4,0.0
131,1,1,0,0,0.0,3.6,0.0
132,1,0,0,0,0.0,0.5,0.4
133,1,0,0,0,0.0,0.8,0.6
134,1,0,0,0,0.0,0.0,0.5
135,1,1,0,0,0.0,0.0,8.3
136,1,1,0,0,0.0,2.4,0.6
137,1,0,0,0,0.0,0.0,0.6
138,1,0,0,0,0.0,0.0,8.6
139,0,2,1,0,0.0,1.0,0.4
140,1,3,0,0,0.0,0.2,8.1
141,1,9,0,0,0.0,0.2,7.2
142,1,0,0,0,0.0,0.2,8.4
143,1,4,0,0,0.0,0.2,7.3
144,0,0,1,0,0.0,1.2,0.0
145,1,5,0,0,0.0,1.1,0.3
146,0,85,1,0,0.0,1.9,0.6
147,0,4,1,0,0.0,3.0,0.4
148,0,33,1,0,0.0,1.5,0.6
149,0,79,1,0,0.0,1.5,0.0
150,0,10,1,0,0.0,2.3,0.4
151,0,1,1,0,0.0,2.5,0.0
152,0,9,1,0,0.0,1.7,0.6
153,0,98,1,0,0.0,2.0,0.0
154,1,2,0,0,0.0,0.4,0.0
155,1,2,0,0,0.0,0.7,0.0
156,0,1,1,0,0.0,2.4,0.0
157,1,0,0,0,0.0,5.3,0.5
158,0,12,1,0,0.0,1.4,0.3
159,0,5,1,0,0.0,0.4,0.0
160,0,0,1,0,0.0,2.0,1.0
161,0,1,1,0,0.0,1.4,1.2
162,0,1,1,0,0.0,1.1,0.7
163,0,1,1,0,0.0,0.5,0.0
164,0,6,1,0,0.0,2.0,1.6
165,0,0,1,1,0.0,1.0,0.8
166,0,1,1,0,0.0,1.8,0.4
167,0,5,1,0,0.0,0.7,0.6
168,0,2,1,0,0.0,2.2,0.8
169,0,2,1,0,0.0,0.3,0.0
170,0,2,1,0,0.0,0.3,0.3
171,0,1,1,0,0.0,0.8,0.7
172,Y,6,0,0,,,
173,Y,0,0,0,,,
174,Y,0,0,0,0.0,1.9,0.3
175,Y,0,0,0,,,
176,Y,0,0,0,0.0,1.8,0.0
177,Y,0,0,0,,,
180,N,14,1,1,0.0,0.4,0.3
181,Y,0,0,0,,,
182,Y,0,0,0,0.0,1.7,0.3
183,Y,1,0,0,0.0,3.1,0.3
184,1,0,0,0,0.0,2.2,0.0
185,1,0,0,0,0.0,1.7,0.0
186,1,0,0,0,0.0,1.0,0.0
187,1,0,0,0,0.0,1.3,0.0
188,1,0,0,0,0.0,1.4,0.3
189,1,0,0,0,0.0,1.1,0.0
190,1,0,0,0,0.0,3.1,0.0
191,1,3,0,0,0.0,2.8,0.0
192,1,0,0,0,0.0,2.6,0.3
193,1,5,0,0,0.0,1.0,0.3
194,1,1,0,0,0.0,1.0,0.0
195,1,0,0,0,0.0,1.1,0.3
196,1,0,0,0,0.0,0.9,0.0
197,1,0,0,0,0.0,3.3,0.3
198,1,0,0,0,0.0,4.0,0.3
199,1,2,0,0,0.0,1.3,0.0
200,1,0,0,0,0.0,1.5,0.3
201,1,3,0,0,0.0,1.3,0.3
202,1,5,0,0,0.0,1.0,0.6
203,1,8,0,0,0.0,0.9,0.0
204,1,21,0,0,0.0,0.9,0.0
205,1,15,0,0,0.0,0.9,0.0
206,1,10,0,0,0.0,0.9,0.0
207,1,5,0,0,0.0,1.4,0.0
208,1,0,0,0,0.0,1.0,0.0
209,1,0,0,0,0.0,1.1,0.0
210,1,0,0,0,0.0,3.3,0.0
211,1,0,0,0,0.0,1.8,0.3
212,0,44,1,1,0.0,1.2,0.3
213,0,8,1,1,0.0,1.5,0.4
214,0,12,1,0,0.0,1.2,0.0
215,0,900,1,1,0.0,1.6,0.0
216,0,192,1,0,0.0,1.4,0.0
217,0,800,1,1,0.0,1.1,0.6
218,0,19,1,1,0.0,1.3,0.3
219,1,0,0,0,0.0,1.2,0.3
220,1,0,0,0,0.0,1.8,0.0
221,0,0,1,0,0.0,2.2,0.0
222,1,0,0,0,0.0,0.9,0.3
223,1,0,0,0,0.0,2.7,0.0
224,1,0,0,0,0.0,2.7,0.0
225,1,0,0,0,0.0,4.1,0.0
226,1,0,0,0,0.0,3.3,0.3
227,1,0,0,0,0.0,1.7,0.4
228,1,0,0,0,0.0,1.5,0.3
229,1,49,0,0,0.0,1.6,0.0
230,1,0,0,0,0.0,0.8,0.0
231,1,0,0,0,0.0,3.2,0.0
232,1,0,0,0,0.0,3.9,0.0
233,1,0,0,0,0.0,1.5,0.0
234,1,0,0,0,0.0,1.1,0.0
235,1,0,0,0,0.0,1.8,0.3
236,0,78,1,1,0.0,1.3,0.0
237,1,0,0,0,0.0,1.5,0.0
239,0,5,1,1,0.0,0.9,0.0
240,1,0,0,0,0.0,1.3,0.0
242,1,0,0,0,0.0,1.4,0.0
243,1,0,0,0,0.0,2.0,0.0
244,1,0,0,0,0.0,1.7,0.3
245,1,0,0,0,0.0,1.2,0.3
246,1,0,0,0,0.0,1.1,0.3
247,1,0,0,0,0.0,1.4,0.0
248,1,0,0,0,0.0,1.3,0.0
249,1,0,0,0,0.0,0.7,0.3
250,1,0,0,0,0.0,2.1,0.3
251,1,0,0,0,0.0,0.5,0.3
252,0,0,1,0,0.0,0.5,0.3
253,1,0,0,0,0.0,1.3,0.3
254,1,0,0,0,0.0,1.0,0.0
255,1,0,0,0,0.0,1.3,0.5
256,1,0,0,0,0.0,1.6,0.4
257,1,1,0,0,0.0,2.0,0.3
258,1,0,0,0,0.0,1.2,0.3
259,1,0,0,0,0.0,1.0,0.0
260,1,2,0,0,0.0,1.1,0.0
261,1,3,0,0,0.0,0.8,0.0
262,1,0,0,0,0.0,0.8,0.0
263,1,0,0,0,0.0,0.8,0.3
264,1,2,0,0,0.0,0.8,0.0
265,1,0,0,0,0.0,1.1,0.0
266,1,0,0,0,0.0,1.1,0.3
267,1,0,0,0,0.0,0.8,0.0
268,1,0,0,0,0.0,0.8,0.0
270,1,0,0,0,0.0,1.4,0.3
271,1,0,0,0,0.0,1.0,0.0
272,1,3,0,0,0.0,2.1,0.0
273,1,2,0,0,0.0,1.8,0.0
274,1,0,0,0,0.0,1.6,0.0
275,1,0,0,0,0.0,1.0,0.0
276,1,0,0,0,0.0,1.1,0.0
277,1,0,0,0,0.0,0.9,0.0
278,1,0,0,0,0.0,1.5,0.0
279,1,0,0,0,0.0,1.3,0.0
280,0,54,1,0,0.0,1.2,0.0
281,1,1,0,0,0.0,2.2,0.0
282,1,0,0,0,0.0,1.3,0.3
283,1,0,0,0,0.0,1.0,0.0
284,1,0,0,0,0.0,1.1,0.0
286,1,0,0,0,0.0,0.5,0.5
287,1,0,0,0,0.0,2.5,0.3
288,1,0,0,0,0.0,0.6,0.4
289,1,0,0,0,0.0,2.0,0.0
290,1,0,0,0,0.0,0.7,0.0
291,1,0,0,0,0.0,2.2,0.0
292,1,0,0,0,0.0,3.2,0.0
293,1,0,0,0,0.0,2.3,0.0
294,1,0,0,0,0.0,1.1,0.0
295,1,2,0,0,0.0,0.7,0.0
296,1,0,0,0,0.0,1.6,0.0
297,1,0,0,0,0.0,2.4,0.0
298,1,0,0,0,0.0,1.9,0.0
299,1,0,0,0,0.0,2.6,0.0
300,1,0,0,0,0.0,2.0,0.3
301,1,0,0,0,0.0,3.1,0.0
303,1,0,0,0,0.0,2.1,0.0
304,1,48,0,0,0.0,2.2,0.0
305,1,4,0,0,0.0,0.8,0.3
306,1,9,0,0,0.0,1.4,0.3
307,0,13,1,0,0.0,1.5,0.0
308,1,0,0,0,0.0,1.4,0.3
309,1,2,0,0,0.0,1.2,0.4
310,0,38,1,0,0.0,1.5,0.3
311,1,0,0,0,0.0,1.9,0.7
312,1,0,0,0,0.0,1.2,0.4
313,1,0,0,0,0.0,1.3,0.3
314,0,2,1,0,0.0,1.2,0.3
315,1,8,0,0,0.0,0.9,0.3
316,1,2,0,0,0.0,1.4,0.3
317,1,0,0,0,0.0,0.6,0.3
318,0,68,1,0,0.0,1.0,0.3
319,1,0,0,0,0.0,0.7,0.0
320,0,21,1,0,0.0,3.2,0.5
321,0,1,1,0,0.0,1.5,0.0
322,0,3,1,0,0.0,0.5,0.3
323,1,6,0,0,0.0,1.2,0.0
324,1,7,0,0,0.0,1.0,0.0
325,1,9,0,0,0.0,0.8,0.0
326,1,3,0,0,0.0,2.5,0.0
327,1,6,0,0,0.0,0.4,0.0
328,0(여시니아),1,0,0,0.0,0.8,0.0
329,1,4,0,0,0.0,1.8,0.0
330,0,84,1,1,0.0,0.8,0.0
331,0,11,1,0,0.0,2.5,0.0
332,0(여시니아),0,0,0,0.0,2.3,0.0
333,0,64,1,1,0.0,0.9,0.0
334,1,45,0,0,0.0,1.6,0.0
335,1,3,0,0,0.0,1.9,0.0
336,0,15,1,1,0.0,4.0,0.0
337,0(여시니아),2,0,0,0.0,1.1,0.01
338,1,68,0,0,0.0,0.5,0.0
339,1,16,0,0,0.0,0.2,0.0
340,1,1,0,0,0.0,2.5,0.0
341,1,15,0,0,0.0,1.7,0.0
342,0(여시니아),3,0,0,0.0,0.3,0.0
343,1,0,0,0,0.0,1.3,1.2
344,1,0,0,0,0.0,3.4,1.9
345,0,0,1,0,0.0,2.6,0.9
346,1,0,0,0,0.0,2.2,0.6
347,1,0,0,0,0.0,1.8,0.6
348,1,0,0,0,0.0,5.4,0.5
349,1,0,0,0,0.0,1.7,0.7
350,0,126,1,0,0.0,1.5,1.5
351,0,0,1,0,0.0,3.0,0.6
352,0,0,1,0,0.0,1.6,0.0
353,0,2,1,0,0.0,0.4,0.0
354,1,0,0,0,0.0,2.4,0.0
355,1,0,0,0,0.0,3.2,0.0
356,1,0,0,0,0.0,1.7,0.0
357,0,15,1,0,0.0,0.3,0.0
358,0,1,1,0,0.0,0.8,0.0
359,0,5,1,0,0.0,1.8,1.4
360,0,14,1,0,0.0,9.7,0.9
361,1,3,0,0,0.0,3.7,0.5
362,0,4,1,0,0.0,1.2,0.4
363,0,7,1,1,0.0,1.1,0.0
364,0,13,1,0,0.0,0.8,0.9
365,0,69,1,0,0.0,1.8,0.0
366,0,0,1,0,0.0,2.9,0.0
367,0,2,1,0,0.0,0.8,0.6
368,0,12,1,0,0.0,0.01,0.8
369,1,1,0,0,0.0,2.6,0.0
370,1,25,0,0,0.0,8.5,2.1
371,1,1,0,0,0.0,1.2,0.3
372,1,1,0,0,0.0,1.3,1.2
373,1,0,0,0,0.0,3.4,1.9
374,1,1,0,0,0.0,0.8,0.3
375,1,0,0,0,0.0,3.1,0.0
376,1,1,0,0,0.0,2.6,0.0
377,1,1,0,0,0.0,1.2,0.0
378,1,2,0,0,0.0,0.3,0.4
379,1,0,0,0,0.0,1.2,0.3
380,1,0,0,0,0.0,0.7,0.0
381,1,0,0,0,0.0,2.2,0.0
382,1,0,0,0,0.0,7.3,0.0
383,1,0,0,0,0.0,1.1,0.0
384,1,44,0,0,0.0,0.4,0.0
385,1,3,0,0,0.0,0.4,0.0
386,1,9,0,0,0.0,0.6,0.0
387,1,0,0,0,0.0,1.8,0.0
388,1,0,0,0,0.0,3.8,0.0
389,1,0,0,0,0.0,3.6,0.0
390,1,9,0,0,0.0,1.1,0.0
391,1,0,0,0,0.0,0.1,0.0
